date,flood_volume
2017-06-16 00:00:00,0.0
2017-06-16 00:01:00,1.36
2017-06-16 00:02:00,2.5598999999999994
2017-06-16 00:03:00,3.7599
2017-06-16 00:04:00,4.960000000000001
2017-06-16 00:05:00,6.16
2017-06-16 00:06:00,7.360100000000001
2017-06-16 00:07:00,8.56
2017-06-16 00:08:00,9.76
2017-06-16 00:09:00,10.959900000000001
2017-06-16 00:10:00,12.1601
2017-06-16 00:11:00,13.360100000000003
2017-06-16 00:12:00,14.559999999999999
2017-06-16 00:13:00,15.7799
2017-06-16 00:14:00,16.98
2017-06-16 00:15:00,18.179900000000004
2017-06-16 00:16:00,19.3799
2017-06-16 00:17:00,20.580000000000002
2017-06-16 00:18:00,21.78
2017-06-16 00:19:00,22.979899999999994
2017-06-16 00:20:00,24.180099999999996
2017-06-16 00:21:00,25.379899999999992
2017-06-16 00:22:00,26.580000000000005
2017-06-16 00:23:00,27.779899999999998
2017-06-16 00:24:00,28.979899999999997
2017-06-16 00:25:00,30.180000000000003
2017-06-16 00:26:00,31.3801
2017-06-16 00:27:00,32.579899999999995
2017-06-16 00:28:00,33.78
2017-06-16 00:29:00,34.97999999999999
2017-06-16 00:30:00,36.1801
2017-06-16 00:31:00,37.3799
2017-06-16 00:32:00,38.58010000000001
2017-06-16 00:33:00,39.7799
2017-06-16 00:34:00,40.98009999999999
2017-06-16 00:35:00,42.18
2017-06-16 00:36:00,43.379999999999995
2017-06-16 00:37:00,44.58
2017-06-16 00:38:00,45.779999999999994
2017-06-16 00:39:00,46.9801
2017-06-16 00:40:00,48.1801
2017-06-16 00:41:00,49.3799
2017-06-16 00:42:00,50.58
2017-06-16 00:43:00,51.780100000000004
2017-06-16 00:44:00,52.98000000000002
2017-06-16 00:45:00,54.180099999999996
2017-06-16 00:46:00,55.38
2017-06-16 00:47:00,56.58
2017-06-16 00:48:00,57.779999999999994
2017-06-16 00:49:00,58.97990000000001
2017-06-16 00:50:00,60.180099999999996
2017-06-16 00:51:00,61.379999999999995
2017-06-16 00:52:00,62.57999999999999
2017-06-16 00:53:00,63.78
2017-06-16 00:54:00,64.98010000000001
2017-06-16 00:55:00,66.17999999999999
2017-06-16 00:56:00,67.3798
2017-06-16 00:57:00,68.5799
2017-06-16 00:58:00,69.78
2017-06-16 00:59:00,70.98
2017-06-16 01:00:00,72.1799
2017-06-16 01:01:00,73.38
2017-06-16 01:02:00,74.5801
2017-06-16 01:03:00,75.78
2017-06-16 01:04:00,76.97980000000001
2017-06-16 01:05:00,78.18020000000001
2017-06-16 01:06:00,79.38019999999999
2017-06-16 01:07:00,80.57990000000001
2017-06-16 01:08:00,82.71959999999999
2017-06-16 01:09:00,85.77079999999995
2017-06-16 01:10:00,91.13419999999996
2017-06-16 01:11:00,103.2843
2017-06-16 01:12:00,129.3621
2017-06-16 01:13:00,168.27259999999998
2017-06-16 01:14:00,230.69009999999994
2017-06-16 01:15:00,308.07619999999986
2017-06-16 01:16:00,357.3737999999998
2017-06-16 01:17:00,440.89530000000093
2017-06-16 01:18:00,528.2799000000017
2017-06-16 01:19:00,604.8105000000041
2017-06-16 01:20:00,650.2230000000025
2017-06-16 01:21:00,643.8006000000028
2017-06-16 01:22:00,655.0457000000024
2017-06-16 01:23:00,638.2505000000017
2017-06-16 01:24:00,652.8180000000023
2017-06-16 01:25:00,667.4244000000022
2017-06-16 01:26:00,649.4380000000014
2017-06-16 01:27:00,631.3487000000015
2017-06-16 01:28:00,642.7078000000017
2017-06-16 01:29:00,652.7539000000007
2017-06-16 01:30:00,662.6631000000015
2017-06-16 01:31:00,677.6424000000014
2017-06-16 01:32:00,662.8869000000016
2017-06-16 01:33:00,680.0370000000014
2017-06-16 01:34:00,701.9544000000012
2017-06-16 01:35:00,721.4580000000014
2017-06-16 01:36:00,741.3384000000017
2017-06-16 01:37:00,762.7430000000016
2017-06-16 01:38:00,787.6650000000017
2017-06-16 01:39:00,783.196000000001
2017-06-16 01:40:00,810.9852999999999
2017-06-16 01:41:00,805.8053999999997
2017-06-16 01:42:00,797.3491000000012
2017-06-16 01:43:00,809.9246999999992
2017-06-16 01:44:00,823.0577999999997
2017-06-16 01:45:00,835.3559999999995
2017-06-16 01:46:00,848.2070999999997
2017-06-16 01:47:00,861.108499999999
2017-06-16 01:48:00,874.7765999999996
2017-06-16 01:49:00,888.0227999999994
2017-06-16 01:50:00,901.0061999999998
2017-06-16 01:51:00,914.2878999999987
2017-06-16 01:52:00,927.4588999999992
2017-06-16 01:53:00,940.7082999999989
2017-06-16 01:54:00,953.889899999999
2017-06-16 01:55:00,967.8328999999984
2017-06-16 01:56:00,981.9435999999985
2017-06-16 01:57:00,996.4152999999988
2017-06-16 01:58:00,981.3402999999981
2017-06-16 01:59:00,1025.5508999999988
2017-06-16 02:00:00,1038.922799999999
2017-06-16 02:01:00,1052.1360999999984
2017-06-16 02:02:00,1065.5801999999985
2017-06-16 02:03:00,1108.4374999999982
2017-06-16 02:04:00,1120.219399999999
2017-06-16 02:05:00,1132.4860999999983
2017-06-16 02:06:00,1144.7236999999986
2017-06-16 02:07:00,1156.556699999998
2017-06-16 02:08:00,1169.8240999999985
2017-06-16 02:09:00,1210.9111999999989
2017-06-16 02:10:00,1221.2986999999985
2017-06-16 02:11:00,1231.242199999999
2017-06-16 02:12:00,1241.287999999999
2017-06-16 02:13:00,1251.630299999998
2017-06-16 02:14:00,1261.943899999998
2017-06-16 02:15:00,1240.1280999999985
2017-06-16 02:16:00,1246.2407999999984
2017-06-16 02:17:00,1251.9490999999991
2017-06-16 02:18:00,1257.6791999999978
2017-06-16 02:19:00,1263.5695999999982
2017-06-16 02:20:00,1269.6940999999983
2017-06-16 02:21:00,1276.7649999999976
2017-06-16 02:22:00,1285.4864999999977
2017-06-16 02:23:00,1294.8757999999975
2017-06-16 02:24:00,1304.3776999999989
2017-06-16 02:25:00,1313.6565999999984
2017-06-16 02:26:00,1322.9539999999993
2017-06-16 02:27:00,1331.1253999999988
2017-06-16 02:28:00,1339.0214999999987
2017-06-16 02:29:00,1347.134399999998
2017-06-16 02:30:00,1356.3990999999985
2017-06-16 02:31:00,1365.363299999999
2017-06-16 02:32:00,1374.679799999998
2017-06-16 02:33:00,1383.9560999999985
2017-06-16 02:34:00,1393.3283999999985
2017-06-16 02:35:00,1341.474531542198
2017-06-16 02:36:00,1314.223048659214
2017-06-16 02:37:00,1310.339827423405
2017-06-16 02:38:00,1294.3037905320539
2017-06-16 02:39:00,1292.710544498747
2017-06-16 02:40:00,1256.3986195470259
2017-06-16 02:41:00,1240.932097731164
2017-06-16 02:42:00,1218.6535935983381
2017-06-16 02:43:00,1197.8833902222407
2017-06-16 02:44:00,1165.3043024279525
2017-06-16 02:45:00,1138.9415946731986
2017-06-16 02:46:00,1095.4289535598314
2017-06-16 02:47:00,1041.1957965211946
2017-06-16 02:48:00,1038.0650667947568
2017-06-16 02:49:00,1008.157790988644
2017-06-16 02:50:00,980.4845971731014
2017-06-16 02:51:00,934.41390259775
2017-06-16 02:52:00,895.9677833544993
2017-06-16 02:53:00,881.4191303597902
2017-06-16 02:54:00,848.4446865279626
2017-06-16 02:55:00,815.6803871164981
2017-06-16 02:56:00,802.4391385617813
2017-06-16 02:57:00,766.7013970846384
2017-06-16 02:58:00,753.0957182383725
2017-06-16 02:59:00,747.2616826104149
2017-06-16 03:00:00,737.7902574500845
2017-06-16 03:01:00,715.9613651608796
2017-06-16 03:02:00,701.0167239898385
2017-06-16 03:03:00,667.1071477723267
2017-06-16 03:04:00,657.136813471631
2017-06-16 03:05:00,646.731751656181
2017-06-16 03:06:00,619.2881277408796
2017-06-16 03:07:00,598.0751210541637
2017-06-16 03:08:00,570.5038665348741
2017-06-16 03:09:00,556.805094325727
2017-06-16 03:10:00,529.1987866725102
2017-06-16 03:11:00,519.3176582697531
2017-06-16 03:12:00,495.32543572159403
2017-06-16 03:13:00,488.3680098052833
2017-06-16 03:14:00,472.4556356482956
2017-06-16 03:15:00,466.8593884070249
2017-06-16 03:16:00,466.13375109942365
2017-06-16 03:17:00,461.31596698425477
2017-06-16 03:18:00,443.1993248311848
2017-06-16 03:19:00,439.45447908086146
2017-06-16 03:20:00,431.092199314955
2017-06-16 03:21:00,420.7556739745757
2017-06-16 03:22:00,412.7912755441025
2017-06-16 03:23:00,410.9315735398606
2017-06-16 03:24:00,407.5398801136977
2017-06-16 03:25:00,404.72209157496485
2017-06-16 03:26:00,399.653590032869
2017-06-16 03:27:00,386.72340316914483
2017-06-16 03:28:00,384.4850074772661
2017-06-16 03:29:00,374.7712991202495
2017-06-16 03:30:00,361.63535592180557
2017-06-16 03:31:00,360.2774695931888
2017-06-16 03:32:00,344.7392820803286
2017-06-16 03:33:00,331.9506608071664
2017-06-16 03:34:00,317.3962024274083
2017-06-16 03:35:00,305.44752274865755
2017-06-16 03:36:00,291.7794333132068
2017-06-16 03:37:00,278.16052332307265
2017-06-16 03:38:00,269.10110346160104
2017-06-16 03:39:00,257.9620379290901
2017-06-16 03:40:00,249.2387474744376
2017-06-16 03:41:00,242.64821323693823
2017-06-16 03:42:00,239.86668103489208
2017-06-16 03:43:00,234.05311327471645
2017-06-16 03:44:00,231.8526129622586
2017-06-16 03:45:00,231.05221825188167
2017-06-16 03:46:00,227.91385583144202
2017-06-16 03:47:00,221.2757278809649
2017-06-16 03:48:00,210.2818712475348
2017-06-16 03:49:00,200.13198373711518
2017-06-16 03:50:00,194.81376155041656
2017-06-16 03:51:00,190.2307232787039
2017-06-16 03:52:00,181.9359515335795
2017-06-16 03:53:00,179.5445645201431
2017-06-16 03:54:00,177.29093297751834
2017-06-16 03:55:00,175.48307285483406
2017-06-16 03:56:00,169.32324193246828
2017-06-16 03:57:00,162.47963513444583
2017-06-16 03:58:00,157.09125164642333
2017-06-16 03:59:00,150.70386638059634
2017-06-16 04:00:00,149.26908413971083
2017-06-16 04:01:00,147.2494477140759
2017-06-16 04:02:00,146.9610714982834
2017-06-16 04:03:00,140.08330926477342
2017-06-16 04:04:00,136.20359541817174
2017-06-16 04:05:00,130.18153680968157
2017-06-16 04:06:00,125.01920630726141
2017-06-16 04:07:00,124.54613219171448
2017-06-16 04:08:00,123.1955051565995
2017-06-16 04:09:00,119.37969955653386
2017-06-16 04:10:00,116.16490532660012
2017-06-16 04:11:00,110.45990036831832
2017-06-16 04:12:00,109.23937417849916
2017-06-16 04:13:00,108.32918634325559
2017-06-16 04:14:00,103.82553999210937
2017-06-16 04:15:00,101.81158390110765
2017-06-16 04:16:00,100.02698340122214
2017-06-16 04:17:00,98.89558624893347
2017-06-16 04:18:00,95.37023820089782
2017-06-16 04:19:00,90.86248008992267
2017-06-16 04:20:00,87.46070827705047
2017-06-16 04:21:00,86.92051808008719
2017-06-16 04:22:00,83.2595092113011
2017-06-16 04:23:00,80.47453293841001
2017-06-16 04:24:00,79.07042228962551
2017-06-16 04:25:00,76.28105513438196
2017-06-16 04:26:00,75.45644593074088
2017-06-16 04:27:00,74.96634936807946
2017-06-16 04:28:00,71.95366300261823
2017-06-16 04:29:00,70.81179146516489
2017-06-16 04:30:00,69.39272044995363
2017-06-16 04:31:00,68.90189224680879
2017-06-16 04:32:00,67.50710941203424
2017-06-16 04:33:00,64.16658859257019
2017-06-16 04:34:00,62.24353152804768
2017-06-16 04:35:00,61.04182024680267
2017-06-16 04:36:00,60.91349348298231
2017-06-16 04:37:00,59.749080371733186
2017-06-16 04:38:00,59.39824137430982
2017-06-16 04:39:00,56.969201181533656
2017-06-16 04:40:00,55.247510659749196
2017-06-16 04:41:00,53.47819764272913
2017-06-16 04:42:00,51.65748002524482
2017-06-16 04:43:00,49.82477697863562
2017-06-16 04:44:00,49.475830173677274
2017-06-16 04:45:00,48.66588108885461
2017-06-16 04:46:00,48.3373272901643
2017-06-16 04:47:00,47.61600736717458
2017-06-16 04:48:00,46.07800424110981
2017-06-16 04:49:00,44.77564435560881
2017-06-16 04:50:00,44.01480549172794
2017-06-16 04:51:00,42.45333844510425
2017-06-16 04:52:00,41.78490827603156
2017-06-16 04:53:00,40.219787194588164
2017-06-16 04:54:00,39.800641367895736
2017-06-16 04:55:00,38.16168977966588
2017-06-16 04:56:00,38.041276660891384
2017-06-16 04:57:00,36.962662024524704
2017-06-16 04:58:00,35.4065965714875
2017-06-16 04:59:00,34.88631251469278
2017-06-16 05:00:00,34.33508058594303
2017-06-16 05:01:00,33.73906771503778
2017-06-16 05:02:00,33.381824585796096
2017-06-16 05:03:00,31.72057062526785
2017-06-16 05:04:00,30.71428527993952
2017-06-16 05:05:00,29.86186824324334
2017-06-16 05:06:00,28.688793394532016
2017-06-16 05:07:00,28.35772279697883
2017-06-16 05:08:00,27.813092098217
2017-06-16 05:09:00,27.756303994710425
2017-06-16 05:10:00,27.237431740959334
2017-06-16 05:11:00,26.182719359919265
2017-06-16 05:12:00,25.41877010456077
2017-06-16 05:13:00,25.374574560501316
2017-06-16 05:14:00,24.559278330313084
2017-06-16 05:15:00,24.29387874981782
2017-06-16 05:16:00,23.287671443660187
2017-06-16 05:17:00,22.584348571880614
2017-06-16 05:18:00,22.336362620725538
2017-06-16 05:19:00,22.32190819197446
2017-06-16 05:20:00,21.776229438155454
2017-06-16 05:21:00,21.410484690305903
2017-06-16 05:22:00,20.90099050618662
2017-06-16 05:23:00,20.459304181427598
2017-06-16 05:24:00,20.067105080400736
2017-06-16 05:25:00,19.624171860779928
2017-06-16 05:26:00,18.797444898591813
2017-06-16 05:27:00,17.85962400848565
2017-06-16 05:28:00,17.62429084255858
2017-06-16 05:29:00,17.173396793457073
2017-06-16 05:30:00,16.893876595646894
2017-06-16 05:31:00,16.495272416965634
2017-06-16 05:32:00,16.392028252868585
2017-06-16 05:33:00,15.960180382242358
2017-06-16 05:34:00,15.655289593268838
2017-06-16 05:35:00,15.413052567858331
2017-06-16 05:36:00,14.860615019880038
2017-06-16 05:37:00,14.349683054821575
2017-06-16 05:38:00,13.77361080184032
2017-06-16 05:39:00,13.42560764352059
2017-06-16 05:40:00,13.390815812496937
2017-06-16 05:41:00,13.29582872815105
2017-06-16 05:42:00,12.92887081643684
2017-06-16 05:43:00,12.816498675706365
2017-06-16 05:44:00,12.201462687622632
2017-06-16 05:45:00,11.988863880620293
2017-06-16 05:46:00,11.442702325014265
2017-06-16 05:47:00,11.34752343765855
2017-06-16 05:48:00,10.98661398341651
2017-06-16 05:49:00,10.548571355848672
2017-06-16 05:50:00,10.485087573406114
2017-06-16 05:51:00,10.163754076018257
2017-06-16 05:52:00,10.090321331948635
2017-06-16 05:53:00,9.819934281271488
2017-06-16 05:54:00,9.494086681249984
2017-06-16 05:55:00,9.393387096188189
2017-06-16 05:56:00,9.03487418291315
2017-06-16 05:57:00,8.701060712733296
2017-06-16 05:58:00,8.403482694175466
2017-06-16 05:59:00,8.075056654828568
2017-06-16 06:00:00,8.061464105126626
2017-06-16 06:01:00,7.663854331471515
2017-06-16 06:02:00,7.294943814636145
2017-06-16 06:03:00,6.943348388193602
2017-06-16 06:04:00,6.778698055144509
2017-06-16 06:05:00,6.54506055942959
2017-06-16 06:06:00,6.261841131687509
2017-06-16 06:07:00,6.20494205464845
2017-06-16 06:08:00,5.963558366596612
2017-06-16 06:09:00,5.9100784096774355
2017-06-16 06:10:00,5.726156363514269
2017-06-16 06:11:00,5.633084912065197
2017-06-16 06:12:00,5.402525666876599
2017-06-16 06:13:00,5.233943153273382
2017-06-16 06:14:00,5.176072918154248
2017-06-16 06:15:00,5.007680844870669
2017-06-16 06:16:00,4.928817456090991
2017-06-16 06:17:00,4.888392269905638
2017-06-16 06:18:00,4.819257608986465
2017-06-16 06:19:00,4.63469482590751
2017-06-16 06:20:00,4.555361683829455
2017-06-16 06:21:00,4.330129858961741
2017-06-16 06:22:00,4.3131014533446255
2017-06-16 06:23:00,4.210132220622098
2017-06-16 06:24:00,4.020193613739129
2017-06-16 06:25:00,3.8538398927114357
2017-06-16 06:26:00,3.7283477481148233
2017-06-16 06:27:00,3.574259455047012
2017-06-16 06:28:00,3.4422428977529886
2017-06-16 06:29:00,3.2708022070834755
2017-06-16 06:30:00,3.227011613482307
2017-06-16 06:31:00,3.0837698594397875
2017-06-16 06:32:00,2.9324575615359554
2017-06-16 06:33:00,2.881801194171471
2017-06-16 06:34:00,2.7434334646115257
2017-06-16 06:35:00,2.7243284670599643
2017-06-16 06:36:00,2.6802113956116105
2017-06-16 06:37:00,2.6306668802179103
2017-06-16 06:38:00,2.6028003797814976
2017-06-16 06:39:00,2.536927591409384
2017-06-16 06:40:00,2.470147524519196
2017-06-16 06:41:00,2.4061030072355476
2017-06-16 06:42:00,2.380249735611417
2017-06-16 06:43:00,2.265217109205411
2017-06-16 06:44:00,2.1617756481982466
2017-06-16 06:45:00,2.146585253151208
2017-06-16 06:46:00,2.0970902305459704
2017-06-16 06:47:00,2.0341145758117416
2017-06-16 06:48:00,2.0131925706987754
2017-06-16 06:49:00,1.9894410575470172
2017-06-16 06:50:00,1.9687634489957788
2017-06-16 06:51:00,1.945239425538501
2017-06-16 06:52:00,1.907084657588054
2017-06-16 06:53:00,1.8530780133677167
2017-06-16 06:54:00,1.784515353625484
2017-06-16 06:55:00,1.7512543106199039
2017-06-16 06:56:00,1.72803807910682
2017-06-16 06:57:00,1.666744002861783
2017-06-16 06:58:00,1.652677008271434
2017-06-16 06:59:00,1.6424246935330198
2017-06-16 07:00:00,1.631115682492345
2017-06-16 07:01:00,1.6051209013587058
2017-06-16 07:02:00,1.5412359324266425
2017-06-16 07:03:00,1.4765044091302635
2017-06-16 07:04:00,1.405106627914079
2017-06-16 07:05:00,1.3638116334448658
2017-06-16 07:06:00,1.3537130447507584
2017-06-16 07:07:00,1.2945161601080521
2017-06-16 07:08:00,1.2656462798451165
2017-06-16 07:09:00,1.2216520757282379
2017-06-16 07:10:00,1.218938310725841
2017-06-16 07:11:00,1.1764945987878523
2017-06-16 07:12:00,1.1205813862995537
2017-06-16 07:13:00,1.1056539780104662
2017-06-16 07:14:00,1.1048410714986172
2017-06-16 07:15:00,1.1020704511521882
2017-06-16 07:16:00,1.075604676376804
2017-06-16 07:17:00,1.072416607646388
2017-06-16 07:18:00,1.0565418009536311
2017-06-16 07:19:00,1.0438961183083415
2017-06-16 07:20:00,0.9940962263831403
2017-06-16 07:21:00,0.9522904447561766
2017-06-16 07:22:00,0.9303527513614437
2017-06-16 07:23:00,0.9011561691356019
2017-06-16 07:24:00,0.8678174243852477
2017-06-16 07:25:00,0.8460624413821616
2017-06-16 07:26:00,0.8428423663066947
2017-06-16 07:27:00,0.8079514183284833
2017-06-16 07:28:00,0.7781253420815996
2017-06-16 07:29:00,0.748719731969488
2017-06-16 07:30:00,0.7392295129212421
2017-06-16 07:31:00,0.7339043788736965
2017-06-16 07:32:00,0.7332267196575842
2017-06-16 07:33:00,0.7173018384759426
2017-06-16 07:34:00,0.7002521037429502
2017-06-16 07:35:00,0.6725988523595766
2017-06-16 07:36:00,0.6461589648262686
2017-06-16 07:37:00,0.6195826139243296
2017-06-16 07:38:00,0.5972066096782573
2017-06-16 07:39:00,0.5969243377167751
2017-06-16 07:40:00,0.5929168932712819
2017-06-16 07:41:00,0.5761775467072122
2017-06-16 07:42:00,0.5602240972998339
2017-06-16 07:43:00,0.555473306565738
2017-06-16 07:44:00,0.5439616900731415
2017-06-16 07:45:00,0.5294253781026528
2017-06-16 07:46:00,0.5254223306138346
2017-06-16 07:47:00,0.5243902078624659
2017-06-16 07:48:00,0.517077680392598
2017-06-16 07:49:00,0.5117504048678095
2017-06-16 07:50:00,0.49661572391520176
2017-06-16 07:51:00,0.4932579998508206
2017-06-16 07:52:00,0.48701834057048426
2017-06-16 07:53:00,0.48592388096355
2017-06-16 07:54:00,0.4669737137409594
2017-06-16 07:55:00,0.46244528779088695
2017-06-16 07:56:00,0.4517037181749527
2017-06-16 07:57:00,0.43959761550787735
2017-06-16 07:58:00,0.4183825931358669
2017-06-16 07:59:00,0.40242158430573605
2017-06-16 08:00:00,0.3840480428187168
2017-06-16 08:01:00,0.3687535478196072
2017-06-16 08:02:00,0.35068215933781793
2017-06-16 08:03:00,0.33678504016932803
2017-06-16 08:04:00,0.32429259520046266
2017-06-16 08:05:00,0.30820635435212174
2017-06-16 08:06:00,0.3064212886939535
2017-06-16 08:07:00,0.30148437822804086
2017-06-16 08:08:00,0.3006975817939685
2017-06-16 08:09:00,0.2934824944174286
2017-06-16 08:10:00,0.2925608885378047
2017-06-16 08:11:00,0.2815355243834269
2017-06-16 08:12:00,0.2747896224609232
2017-06-16 08:13:00,0.273990070499021
2017-06-16 08:14:00,0.26045695708010713
2017-06-16 08:15:00,0.25482102006246016
2017-06-16 08:16:00,0.25342347062507015
2017-06-16 08:17:00,0.24819022965367193
2017-06-16 08:18:00,0.2441659977346878
2017-06-16 08:19:00,0.2421521575341012
2017-06-16 08:20:00,0.2345168157970194
2017-06-16 08:21:00,0.23013938793049243
2017-06-16 08:22:00,0.21990549518153768
2017-06-16 08:23:00,0.21267482291473525
2017-06-16 08:24:00,0.20818270776678605
2017-06-16 08:25:00,0.19997150983620243
2017-06-16 08:26:00,0.19493087095741368
2017-06-16 08:27:00,0.19154918329882584
2017-06-16 08:28:00,0.18399338511516355
2017-06-16 08:29:00,0.18172584921422258
2017-06-16 08:30:00,0.17438582005698658
2017-06-16 08:31:00,0.16719414694791743
2017-06-16 08:32:00,0.15983678276816224
2017-06-16 08:33:00,0.15568577945999637
2017-06-16 08:34:00,0.1492036430560671
2017-06-16 08:35:00,0.146646692159998
2017-06-16 08:36:00,0.1404137761291608
2017-06-16 08:37:00,0.1379913895132298
2017-06-16 08:38:00,0.13626922086589568
2017-06-16 08:39:00,0.13284832461708293
2017-06-16 08:40:00,0.12934797082714053
2017-06-16 08:41:00,0.12898804134439196
2017-06-16 08:42:00,0.12451395293435293
2017-06-16 08:43:00,0.1187983686983309
2017-06-16 08:44:00,0.11822863761866646
2017-06-16 08:45:00,0.11638316509955707
2017-06-16 08:46:00,0.11215275273405799
2017-06-16 08:47:00,0.10831402990744639
2017-06-16 08:48:00,0.10296219624078953
2017-06-16 08:49:00,0.10040268259394576
2017-06-16 08:50:00,0.09857692734857847
2017-06-16 08:51:00,0.09373647672920489
2017-06-16 08:52:00,0.09322600956952103
2017-06-16 08:53:00,0.09266517468262775
2017-06-16 08:54:00,0.08921680967915374
2017-06-16 08:55:00,0.08519195514691276
2017-06-16 08:56:00,0.08167328856953439
2017-06-16 08:57:00,0.08039713866850329
2017-06-16 08:58:00,0.0797149791662965
2017-06-16 08:59:00,0.07801056338839983
2017-06-16 09:00:00,0.07754673184240114
2017-06-16 09:01:00,0.07559181649524575
2017-06-16 09:02:00,0.07491055629006714
2017-06-16 09:03:00,0.07376974790276836
2017-06-16 09:04:00,0.07135996198287364
2017-06-16 09:05:00,0.07104470925431017
2017-06-16 09:06:00,0.06766886916726961
2017-06-16 09:07:00,0.06749124494750929
2017-06-16 09:08:00,0.064848151829338
2017-06-16 09:09:00,0.06186480734923394
2017-06-16 09:10:00,0.05982707062904373
2017-06-16 09:11:00,0.056980365544072584
2017-06-16 09:12:00,0.05615569782053652
2017-06-16 09:13:00,0.05417537505977202
2017-06-16 09:14:00,0.053307010008074376
2017-06-16 09:15:00,0.053153538492259025
2017-06-16 09:16:00,0.052263159179631855
2017-06-16 09:17:00,0.05074474548656919
2017-06-16 09:18:00,0.049185199861512374
2017-06-16 09:19:00,0.04780694045766906
2017-06-16 09:20:00,0.04618799325015192
2017-06-16 09:21:00,0.04427207384420045
2017-06-16 09:22:00,0.04337964471167829
2017-06-16 09:23:00,0.04273355352423371
2017-06-16 09:24:00,0.04124394956021858
2017-06-16 09:25:00,0.04096439617709159
2017-06-16 09:26:00,0.04057864580549409
2017-06-16 09:27:00,0.03946815819833008
2017-06-16 09:28:00,0.038540250933741346
2017-06-16 09:29:00,0.03777899685488388
2017-06-16 09:30:00,0.035978743398958395
2017-06-16 09:31:00,0.03530428378995739
2017-06-16 09:32:00,0.03397154004998211
2017-06-16 09:33:00,0.03262150044984798
2017-06-16 09:34:00,0.0321618022073085
2017-06-16 09:35:00,0.03111657573657171
2017-06-16 09:36:00,0.03043398973528055
2017-06-16 09:37:00,0.02936025472269921
2017-06-16 09:38:00,0.02873560406904046
2017-06-16 09:39:00,0.028041485372554763
2017-06-16 09:40:00,0.027902531926640047
2017-06-16 09:41:00,0.02729486165363297
2017-06-16 09:42:00,0.02696215647409609
2017-06-16 09:43:00,0.026910792581741668
2017-06-16 09:44:00,0.02679393595182968
2017-06-16 09:45:00,0.02599073110047988
2017-06-16 09:46:00,0.024848381375470293
2017-06-16 09:47:00,0.023710406526592346
2017-06-16 09:48:00,0.02321575159264267
2017-06-16 09:49:00,0.02207177414276399
2017-06-16 09:50:00,0.021051460630211453
2017-06-16 09:51:00,0.02047509492027291
2017-06-16 09:52:00,0.019819379540231385
2017-06-16 09:53:00,0.018931021120621287
2017-06-16 09:54:00,0.018050767889896947
2017-06-16 09:55:00,0.017183530245150985
2017-06-16 09:56:00,0.016521354545193302
2017-06-16 09:57:00,0.016309026956443384
2017-06-16 09:58:00,0.015910077564703605
2017-06-16 09:59:00,0.015714857246407633
2017-06-16 10:00:00,0.015207516084144087
2017-06-16 10:01:00,0.014923777972242034
2017-06-16 10:02:00,0.014250309201111163
2017-06-16 10:03:00,0.014160165093586712
2017-06-16 10:04:00,0.013932001112092205
2017-06-16 10:05:00,0.013317567409464182
2017-06-16 10:06:00,0.012965619248464977
2017-06-16 10:07:00,0.012874778203271396
2017-06-16 10:08:00,0.012657069249049621
2017-06-16 10:09:00,0.012110613548110355
2017-06-16 10:10:00,0.011970286678697845
2017-06-16 10:11:00,0.011635303461118079
2017-06-16 10:12:00,0.011175518960931986
2017-06-16 10:13:00,0.011049236401247914
2017-06-16 10:14:00,0.010585709324207888
2017-06-16 10:15:00,0.01013038324866231
2017-06-16 10:16:00,0.009844887071236928
2017-06-16 10:17:00,0.009715381905561841
2017-06-16 10:18:00,0.00927625177099327
2017-06-16 10:19:00,0.009057808540545413
2017-06-16 10:20:00,0.008836159116571827
2017-06-16 10:21:00,0.008545291501119375
2017-06-16 10:22:00,0.008120641191960003
2017-06-16 10:23:00,0.007787999885089272
2017-06-16 10:24:00,0.007735268089510249
2017-06-16 10:25:00,0.00757933680893822
2017-06-16 10:26:00,0.007216355872898055
2017-06-16 10:27:00,0.0068744216152794805
2017-06-16 10:28:00,0.006535783504872735
2017-06-16 10:29:00,0.0064499083210209215
2017-06-16 10:30:00,0.006445652119080492
2017-06-16 10:31:00,0.006420444411290013
2017-06-16 10:32:00,0.006407437030848351
2017-06-16 10:33:00,0.006381339533257046
2017-06-16 10:34:00,0.0061074504502902326
2017-06-16 10:35:00,0.005969798317356375
2017-06-16 10:36:00,0.00595396833629199
2017-06-16 10:37:00,0.00583189422800107
2017-06-16 10:38:00,0.005633497398601721
2017-06-16 10:39:00,0.005578439637909328
2017-06-16 10:40:00,0.005456746560188859
2017-06-16 10:41:00,0.005364092265119012
2017-06-16 10:42:00,0.0052231963667086784
2017-06-16 10:43:00,0.005193275077362803
2017-06-16 10:44:00,0.005174533195127155
2017-06-16 10:45:00,0.005029828510063213
2017-06-16 10:46:00,0.0049905057067271075
2017-06-16 10:47:00,0.004760867749853022
2017-06-16 10:48:00,0.0047498241064062785
2017-06-16 10:49:00,0.00470950743191079
2017-06-16 10:50:00,0.004574087089586594
2017-06-16 10:51:00,0.004502384614628113
2017-06-16 10:52:00,0.004354950411515279
2017-06-16 10:53:00,0.004335447831532303
2017-06-16 10:54:00,0.0041941301485816165
2017-06-16 10:55:00,0.004134201724239691
2017-06-16 10:56:00,0.003999114154010088
2017-06-16 10:57:00,0.0038126126115602707
2017-06-16 10:58:00,0.0037944793269302163
2017-06-16 10:59:00,0.003731997183791753
2017-06-16 11:00:00,0.0036788291498136678
2017-06-16 11:01:00,0.0035775038748119626
2017-06-16 11:02:00,0.0035403274527301557
2017-06-16 11:03:00,0.00342273811907238
2017-06-16 11:04:00,0.003416274551913911
2017-06-16 11:05:00,0.0033792063478696012
2017-06-16 11:06:00,0.0033424526864440137
2017-06-16 11:07:00,0.003217704602235826
2017-06-16 11:08:00,0.0031748341709349134
2017-06-16 11:09:00,0.003028017231179254
2017-06-16 11:10:00,0.002890013190799702
2017-06-16 11:11:00,0.0028780711309529124
2017-06-16 11:12:00,0.0028448544390833343
2017-06-16 11:13:00,0.00284230485543307
2017-06-16 11:14:00,0.0027847896402620077
2017-06-16 11:15:00,0.002681263933576042
2017-06-16 11:16:00,0.002665442398004837
2017-06-16 11:17:00,0.0026461812982166728
2017-06-16 11:18:00,0.002598367519451263
2017-06-16 11:19:00,0.0024869624209520737
2017-06-16 11:20:00,0.002393958457240203
2017-06-16 11:21:00,0.0023531474579664806
2017-06-16 11:22:00,0.002333457460769948
2017-06-16 11:23:00,0.002222383123871587
2017-06-16 11:24:00,0.002140948404973534
2017-06-16 11:25:00,0.0020872019927789752
2017-06-16 11:26:00,0.001996225595896332
2017-06-16 11:27:00,0.0019658548333457847
2017-06-16 11:28:00,0.0018898439443771925
2017-06-16 11:29:00,0.0018471563221289207
2017-06-16 11:30:00,0.0017760194411026373
2017-06-16 11:31:00,0.0016876815814280564
2017-06-16 11:32:00,0.0016193646904713909
2017-06-16 11:33:00,0.0015789020967642057
2017-06-16 11:34:00,0.0015319526901669952
2017-06-16 11:35:00,0.0015198840138373497
2017-06-16 11:36:00,0.0014968440758219308
2017-06-16 11:37:00,0.0014302723620505384
2017-06-16 11:38:00,0.0013601822447607786
2017-06-16 11:39:00,0.0012984722643312307
2017-06-16 11:40:00,0.001253185293107046
2017-06-16 11:41:00,0.0012268649074577624
2017-06-16 11:42:00,0.0012002405295281863
2017-06-16 11:43:00,0.0011460724324532687
2017-06-16 11:44:00,0.001112858106162741
2017-06-16 11:45:00,0.0010697579020879809
2017-06-16 11:46:00,0.001063797072623213
2017-06-16 11:47:00,0.0010112036869380375
2017-06-16 11:48:00,0.0009847062380140285
2017-06-16 11:49:00,0.0009521807146221356
2017-06-16 11:50:00,0.0009218932344222208
2017-06-16 11:51:00,0.000876124896892765
2017-06-16 11:52:00,0.0008478730673891607
2017-06-16 11:53:00,0.0008158852863004006
2017-06-16 11:54:00,0.0007892698839493719
2017-06-16 11:55:00,0.0007605352637985758
2017-06-16 11:56:00,0.0007250629052871566
2017-06-16 11:57:00,0.000716307610440797
2017-06-16 11:58:00,0.0007030439348263671
2017-06-16 11:59:00,0.0006769638449177669
2017-06-16 12:00:00,0.0006760735044057124
2017-06-16 12:01:00,0.0006523280658415595
2017-06-16 12:02:00,0.0006316631956159246
2017-06-16 12:03:00,0.0006057804801000726
2017-06-16 12:04:00,0.0005855961054934689
2017-06-16 12:05:00,0.0005636952780534985
2017-06-16 12:06:00,0.0005361235777195226
2017-06-16 12:07:00,0.0005255522538881907
2017-06-16 12:08:00,0.0005092605491881461
2017-06-16 12:09:00,0.00048622523778224866
2017-06-16 12:10:00,0.0004734289750085485
2017-06-16 12:11:00,0.00046418323522269404
2017-06-16 12:12:00,0.0004574703594973625
2017-06-16 12:13:00,0.0004490444278521418
2017-06-16 12:14:00,0.00044665373120196495
2017-06-16 12:15:00,0.0004345530690071903
2017-06-16 12:16:00,0.0004167098129485512
2017-06-16 12:17:00,0.00040059771226587577
2017-06-16 12:18:00,0.0003810962413378716
2017-06-16 12:19:00,0.0003698440171497572
2017-06-16 12:20:00,0.00035732141945327443
2017-06-16 12:21:00,0.0003522046325203199
2017-06-16 12:22:00,0.00034821210794283976
2017-06-16 12:23:00,0.0003370234232616569
2017-06-16 12:24:00,0.0003278292858597218
2017-06-16 12:25:00,0.0003264571356155765
2017-06-16 12:26:00,0.00031770349578446943
2017-06-16 12:27:00,0.00031124758111628433
2017-06-16 12:28:00,0.0003055300324666511
2017-06-16 12:29:00,0.000295287500952635
2017-06-16 12:30:00,0.0002865134122949895
2017-06-16 12:31:00,0.00028592831796212746
2017-06-16 12:32:00,0.0002717750628934972
2017-06-16 12:33:00,0.0002676454090474199
2017-06-16 12:34:00,0.00025498684535398995
2017-06-16 12:35:00,0.00025119029328436775
2017-06-16 12:36:00,0.0002493213650788951
2017-06-16 12:37:00,0.0002460802025106471
2017-06-16 12:38:00,0.0002384448143416628
2017-06-16 12:39:00,0.0002287382556669074
2017-06-16 12:40:00,0.00022286930661520642
2017-06-16 12:41:00,0.00021603876929736078
2017-06-16 12:42:00,0.00021428812355856627
2017-06-16 12:43:00,0.0002094026154368096
2017-06-16 12:44:00,0.00020064788811793215
2017-06-16 12:45:00,0.00019110893441173912
2017-06-16 12:46:00,0.00018959319587516605
2017-06-16 12:47:00,0.00018718240226326587
2017-06-16 12:48:00,0.000178048344113207
2017-06-16 12:49:00,0.0001708402122627842
2017-06-16 12:50:00,0.00016766864028665922
2017-06-16 12:51:00,0.00016645385901445703
2017-06-16 12:52:00,0.00016633537760996176
2017-06-16 12:53:00,0.00015891089380244103
2017-06-16 12:54:00,0.00015588525844354413
2017-06-16 12:55:00,0.0001558711113072707
2017-06-16 12:56:00,0.0001526904866819609
2017-06-16 12:57:00,0.00014924973093196337
2017-06-16 12:58:00,0.0001469127354754786
2017-06-16 12:59:00,0.00014150637361705367
